<prova>
	<item>
		<name>indirizzo</name>
		<label>Indirizzo</label>
		<placeholder>eventuale placeholder</placeholder>
		<value>eventuale valore</value>
		<tipo>text</tipo>
		<fisso>1</fisso>
		<visibile>1</visibile>
	</item>
	<item>
		<name>conferma</name>
		<label>Conferma partenza</label>
		<placeholder>eventuale placeholder</placeholder>
		<value>eventuale valore</value>
		<tipo>check</tipo>
		<fisso>0</fisso>
		<visibile>1</visibile>
	</item>
	<item>
		<name>data_arrivo</name>
		<label>Data arrivo</label>
		<placeholder>eventuale placeholder</placeholder>
		<value>eventuale valore</value>
		<tipo>data</tipo>
		<fisso>0</fisso>
		<visibile>0</visibile>
	</item>
</prova>